Model,RMSE,R2
LinearRegression_Engineered,34478.444016664434,0.8450179210505562
LinearRegression_Baseline,34478.45335173485,0.8450178371274641
